Redirect 301 /blog/3d-scanning-braces-in-chennai /blog/3d-scanning-braces-in-vellore
Redirect 301 /blog/3d-scanning-braces-in-coimbatore /blog/3d-scanning-braces-in-vellore
Redirect 301 /blog/3d-scanning-braces-in-cuddalore /blog/3d-scanning-braces-in-vellore
Redirect 301 /blog/3d-scanning-braces-in-dindigul /blog/3d-scanning-braces-in-vellore
Redirect 301 /blog/3d-scanning-braces-in-erode /blog/3d-scanning-braces-in-vellore
Redirect 301 /blog/3d-scanning-braces-in-kanchipuram /blog/3d-scanning-braces-in-vellore
Redirect 301 /blog/3d-scanning-braces-in-karur /blog/3d-scanning-braces-in-vellore
Redirect 301 /blog/3d-scanning-braces-in-madurai /blog/3d-scanning-braces-in-vellore
Redirect 301 /blog/3d-scanning-braces-in-nagapattinam /blog/3d-scanning-braces-in-vellore
Redirect 301 /blog/3d-scanning-braces-in-namakkal /blog/3d-scanning-braces-in-vellore
Redirect 301 /blog/3d-scanning-braces-in-pudukkottai /blog/3d-scanning-braces-in-vellore
Redirect 301 /blog/3d-scanning-braces-in-ramanathapuram /blog/3d-scanning-braces-in-vellore
Redirect 301 /blog/3d-scanning-braces-in-salem /blog/3d-scanning-braces-in-vellore
Redirect 301 /blog/3d-scanning-braces-in-thanjavur /blog/3d-scanning-braces-in-vellore
Redirect 301 /blog/3d-scanning-braces-in-thoothukudi /blog/3d-scanning-braces-in-vellore
Redirect 301 /blog/3d-scanning-braces-in-tiruchirappalli /blog/3d-scanning-braces-in-vellore
Redirect 301 /blog/3d-scanning-braces-in-tirunelveli /blog/3d-scanning-braces-in-vellore
Redirect 301 /blog/3d-scanning-braces-in-tiruppur /blog/3d-scanning-braces-in-vellore
Redirect 301 /blog/3d-scanning-braces-in-virudhunagar /blog/3d-scanning-braces-in-vellore
Redirect 301 /blog/adult-orthodontics-in-chennai /blog/adult-orthodontics-in-vellore
Redirect 301 /blog/adult-orthodontics-in-coimbatore /blog/adult-orthodontics-in-vellore
Redirect 301 /blog/adult-orthodontics-in-cuddalore /blog/adult-orthodontics-in-vellore
Redirect 301 /blog/adult-orthodontics-in-dindigul /blog/adult-orthodontics-in-vellore
Redirect 301 /blog/adult-orthodontics-in-erode /blog/adult-orthodontics-in-vellore
Redirect 301 /blog/adult-orthodontics-in-kanchipuram /blog/adult-orthodontics-in-vellore
Redirect 301 /blog/adult-orthodontics-in-karur /blog/adult-orthodontics-in-vellore
Redirect 301 /blog/adult-orthodontics-in-madurai /blog/adult-orthodontics-in-vellore
Redirect 301 /blog/adult-orthodontics-in-nagapattinam /blog/adult-orthodontics-in-vellore
Redirect 301 /blog/adult-orthodontics-in-namakkal /blog/adult-orthodontics-in-vellore
Redirect 301 /blog/adult-orthodontics-in-pudukkottai /blog/adult-orthodontics-in-vellore
Redirect 301 /blog/adult-orthodontics-in-ramanathapuram /blog/adult-orthodontics-in-vellore
Redirect 301 /blog/adult-orthodontics-in-salem /blog/adult-orthodontics-in-vellore
Redirect 301 /blog/adult-orthodontics-in-thanjavur /blog/adult-orthodontics-in-vellore
Redirect 301 /blog/adult-orthodontics-in-thoothukudi /blog/adult-orthodontics-in-vellore
Redirect 301 /blog/adult-orthodontics-in-tiruchirappalli /blog/adult-orthodontics-in-vellore
Redirect 301 /blog/adult-orthodontics-in-tirunelveli /blog/adult-orthodontics-in-vellore
Redirect 301 /blog/adult-orthodontics-in-tiruppur /blog/adult-orthodontics-in-vellore
Redirect 301 /blog/adult-orthodontics-in-virudhunagar /blog/adult-orthodontics-in-vellore
Redirect 301 /blog/aesthetic-orthodontics-in-chennai /blog/aesthetic-orthodontics-in-vellore
Redirect 301 /blog/aesthetic-orthodontics-in-coimbatore /blog/aesthetic-orthodontics-in-vellore
Redirect 301 /blog/aesthetic-orthodontics-in-cuddalore /blog/aesthetic-orthodontics-in-vellore
Redirect 301 /blog/aesthetic-orthodontics-in-dindigul /blog/aesthetic-orthodontics-in-vellore
Redirect 301 /blog/aesthetic-orthodontics-in-erode /blog/aesthetic-orthodontics-in-vellore
Redirect 301 /blog/aesthetic-orthodontics-in-kanchipuram /blog/aesthetic-orthodontics-in-vellore
Redirect 301 /blog/aesthetic-orthodontics-in-karur /blog/aesthetic-orthodontics-in-vellore
Redirect 301 /blog/aesthetic-orthodontics-in-madurai /blog/aesthetic-orthodontics-in-vellore
Redirect 301 /blog/aesthetic-orthodontics-in-nagapattinam /blog/aesthetic-orthodontics-in-vellore
Redirect 301 /blog/aesthetic-orthodontics-in-namakkal /blog/aesthetic-orthodontics-in-vellore
Redirect 301 /blog/aesthetic-orthodontics-in-pudukkottai /blog/aesthetic-orthodontics-in-vellore
Redirect 301 /blog/aesthetic-orthodontics-in-ramanathapuram /blog/aesthetic-orthodontics-in-vellore
Redirect 301 /blog/aesthetic-orthodontics-in-salem /blog/aesthetic-orthodontics-in-vellore
Redirect 301 /blog/aesthetic-orthodontics-in-thanjavur /blog/aesthetic-orthodontics-in-vellore
Redirect 301 /blog/aesthetic-orthodontics-in-thoothukudi /blog/aesthetic-orthodontics-in-vellore
Redirect 301 /blog/aesthetic-orthodontics-in-tiruchirappalli /blog/aesthetic-orthodontics-in-vellore
Redirect 301 /blog/aesthetic-orthodontics-in-tirunelveli /blog/aesthetic-orthodontics-in-vellore
Redirect 301 /blog/aesthetic-orthodontics-in-tiruppur /blog/aesthetic-orthodontics-in-vellore
Redirect 301 /blog/aesthetic-orthodontics-in-virudhunagar /blog/aesthetic-orthodontics-in-vellore
Redirect 301 /blog/aligner-brands-in-chennai /blog/aligner-brands-in-vellore
Redirect 301 /blog/aligner-brands-in-coimbatore /blog/aligner-brands-in-vellore
Redirect 301 /blog/aligner-brands-in-cuddalore /blog/aligner-brands-in-vellore
Redirect 301 /blog/aligner-brands-in-dindigul /blog/aligner-brands-in-vellore
Redirect 301 /blog/aligner-brands-in-erode /blog/aligner-brands-in-vellore
Redirect 301 /blog/aligner-brands-in-kanchipuram /blog/aligner-brands-in-vellore
Redirect 301 /blog/aligner-brands-in-karur /blog/aligner-brands-in-vellore
Redirect 301 /blog/aligner-brands-in-madurai /blog/aligner-brands-in-vellore
Redirect 301 /blog/aligner-brands-in-nagapattinam /blog/aligner-brands-in-vellore
Redirect 301 /blog/aligner-brands-in-namakkal /blog/aligner-brands-in-vellore
Redirect 301 /blog/aligner-brands-in-pudukkottai /blog/aligner-brands-in-vellore
Redirect 301 /blog/aligner-brands-in-ramanathapuram /blog/aligner-brands-in-vellore
Redirect 301 /blog/aligner-brands-in-salem /blog/aligner-brands-in-vellore
Redirect 301 /blog/aligner-brands-in-thanjavur /blog/aligner-brands-in-vellore
Redirect 301 /blog/aligner-brands-in-thoothukudi /blog/aligner-brands-in-vellore
Redirect 301 /blog/aligner-brands-in-tiruchirappalli /blog/aligner-brands-in-vellore
Redirect 301 /blog/aligner-brands-in-tirunelveli /blog/aligner-brands-in-vellore
Redirect 301 /blog/aligner-brands-in-tiruppur /blog/aligner-brands-in-vellore
Redirect 301 /blog/aligner-brands-in-virudhunagar /blog/aligner-brands-in-vellore
Redirect 301 /blog/aligner-technology-in-chennai /blog/aligner-technology-in-vellore
Redirect 301 /blog/aligner-technology-in-coimbatore /blog/aligner-technology-in-vellore
Redirect 301 /blog/aligner-technology-in-cuddalore /blog/aligner-technology-in-vellore
Redirect 301 /blog/aligner-technology-in-dindigul /blog/aligner-technology-in-vellore
Redirect 301 /blog/aligner-technology-in-erode /blog/aligner-technology-in-vellore
Redirect 301 /blog/aligner-technology-in-kanchipuram /blog/aligner-technology-in-vellore
Redirect 301 /blog/aligner-technology-in-karur /blog/aligner-technology-in-vellore
Redirect 301 /blog/aligner-technology-in-madurai /blog/aligner-technology-in-vellore
Redirect 301 /blog/aligner-technology-in-nagapattinam /blog/aligner-technology-in-vellore
Redirect 301 /blog/aligner-technology-in-namakkal /blog/aligner-technology-in-vellore
Redirect 301 /blog/aligner-technology-in-pudukkottai /blog/aligner-technology-in-vellore
Redirect 301 /blog/aligner-technology-in-ramanathapuram /blog/aligner-technology-in-vellore
Redirect 301 /blog/aligner-technology-in-salem /blog/aligner-technology-in-vellore
Redirect 301 /blog/aligner-technology-in-thanjavur /blog/aligner-technology-in-vellore
Redirect 301 /blog/aligner-technology-in-thoothukudi /blog/aligner-technology-in-vellore
Redirect 301 /blog/aligner-technology-in-tiruchirappalli /blog/aligner-technology-in-vellore
Redirect 301 /blog/aligner-technology-in-tirunelveli /blog/aligner-technology-in-vellore
Redirect 301 /blog/aligner-technology-in-tiruppur /blog/aligner-technology-in-vellore
Redirect 301 /blog/aligner-technology-in-virudhunagar /blog/aligner-technology-in-vellore
Redirect 301 /blog/aligner-trays-in-chennai /blog/aligner-trays-in-vellore
Redirect 301 /blog/aligner-trays-in-coimbatore /blog/aligner-trays-in-vellore
Redirect 301 /blog/aligner-trays-in-cuddalore /blog/aligner-trays-in-vellore
Redirect 301 /blog/aligner-trays-in-dindigul /blog/aligner-trays-in-vellore
Redirect 301 /blog/aligner-trays-in-erode /blog/aligner-trays-in-vellore
Redirect 301 /blog/aligner-trays-in-kanchipuram /blog/aligner-trays-in-vellore
Redirect 301 /blog/aligner-trays-in-karur /blog/aligner-trays-in-vellore
Redirect 301 /blog/aligner-trays-in-madurai /blog/aligner-trays-in-vellore
Redirect 301 /blog/aligner-trays-in-nagapattinam /blog/aligner-trays-in-vellore
Redirect 301 /blog/aligner-trays-in-namakkal /blog/aligner-trays-in-vellore
Redirect 301 /blog/aligner-trays-in-pudukkottai /blog/aligner-trays-in-vellore
Redirect 301 /blog/aligner-trays-in-ramanathapuram /blog/aligner-trays-in-vellore
Redirect 301 /blog/aligner-trays-in-salem /blog/aligner-trays-in-vellore
Redirect 301 /blog/aligner-trays-in-thanjavur /blog/aligner-trays-in-vellore
Redirect 301 /blog/aligner-trays-in-thoothukudi /blog/aligner-trays-in-vellore
Redirect 301 /blog/aligner-trays-in-tiruchirappalli /blog/aligner-trays-in-vellore
Redirect 301 /blog/aligner-trays-in-tirunelveli /blog/aligner-trays-in-vellore
Redirect 301 /blog/aligner-trays-in-tiruppur /blog/aligner-trays-in-vellore
Redirect 301 /blog/aligner-trays-in-virudhunagar /blog/aligner-trays-in-vellore
Redirect 301 /blog/aligners-attachments-in-chennai /blog/aligners-attachments-in-vellore
Redirect 301 /blog/aligners-attachments-in-coimbatore /blog/aligners-attachments-in-vellore
Redirect 301 /blog/aligners-attachments-in-cuddalore /blog/aligners-attachments-in-vellore
Redirect 301 /blog/aligners-attachments-in-dindigul /blog/aligners-attachments-in-vellore
Redirect 301 /blog/aligners-attachments-in-erode /blog/aligners-attachments-in-vellore
Redirect 301 /blog/aligners-attachments-in-kanchipuram /blog/aligners-attachments-in-vellore
Redirect 301 /blog/aligners-attachments-in-karur /blog/aligners-attachments-in-vellore
Redirect 301 /blog/aligners-attachments-in-madurai /blog/aligners-attachments-in-vellore
Redirect 301 /blog/aligners-attachments-in-nagapattinam /blog/aligners-attachments-in-vellore
Redirect 301 /blog/aligners-attachments-in-namakkal /blog/aligners-attachments-in-vellore
Redirect 301 /blog/aligners-attachments-in-pudukkottai /blog/aligners-attachments-in-vellore
Redirect 301 /blog/aligners-attachments-in-ramanathapuram /blog/aligners-attachments-in-vellore
Redirect 301 /blog/aligners-attachments-in-salem /blog/aligners-attachments-in-vellore
Redirect 301 /blog/aligners-attachments-in-thanjavur /blog/aligners-attachments-in-vellore
Redirect 301 /blog/aligners-attachments-in-thoothukudi /blog/aligners-attachments-in-vellore
Redirect 301 /blog/aligners-attachments-in-tiruchirappalli /blog/aligners-attachments-in-vellore
Redirect 301 /blog/aligners-attachments-in-tirunelveli /blog/aligners-attachments-in-vellore
Redirect 301 /blog/aligners-attachments-in-tiruppur /blog/aligners-attachments-in-vellore
Redirect 301 /blog/aligners-attachments-in-virudhunagar /blog/aligners-attachments-in-vellore
Redirect 301 /blog/aligners-in-chennai /blog/aligners-in-vellore
Redirect 301 /blog/aligners-in-coimbatore /blog/aligners-in-vellore
Redirect 301 /blog/aligners-in-cuddalore /blog/aligners-in-vellore
Redirect 301 /blog/aligners-in-dindigul /blog/aligners-in-vellore
Redirect 301 /blog/aligners-in-erode /blog/aligners-in-vellore
Redirect 301 /blog/aligners-in-kanchipuram /blog/aligners-in-vellore
Redirect 301 /blog/aligners-in-karur /blog/aligners-in-vellore
Redirect 301 /blog/aligners-in-madurai /blog/aligners-in-vellore
Redirect 301 /blog/aligners-in-nagapattinam /blog/aligners-in-vellore
Redirect 301 /blog/aligners-in-namakkal /blog/aligners-in-vellore
Redirect 301 /blog/aligners-in-pudukkottai /blog/aligners-in-vellore
Redirect 301 /blog/aligners-in-ramanathapuram /blog/aligners-in-vellore
Redirect 301 /blog/aligners-in-salem /blog/aligners-in-vellore
Redirect 301 /blog/aligners-in-thanjavur /blog/aligners-in-vellore
Redirect 301 /blog/aligners-in-thoothukudi /blog/aligners-in-vellore
Redirect 301 /blog/aligners-in-tiruchirappalli /blog/aligners-in-vellore
Redirect 301 /blog/aligners-in-tirunelveli /blog/aligners-in-vellore
Redirect 301 /blog/aligners-in-tiruppur /blog/aligners-in-vellore
Redirect 301 /blog/aligners-in-virudhunagar /blog/aligners-in-vellore
Redirect 301 /blog/bite-correction-in-chennai /blog/bite-correction-in-vellore
Redirect 301 /blog/bite-correction-in-coimbatore /blog/bite-correction-in-vellore
Redirect 301 /blog/bite-correction-in-cuddalore /blog/bite-correction-in-vellore
Redirect 301 /blog/bite-correction-in-dindigul /blog/bite-correction-in-vellore
Redirect 301 /blog/bite-correction-in-erode /blog/bite-correction-in-vellore
Redirect 301 /blog/bite-correction-in-kanchipuram /blog/bite-correction-in-vellore
Redirect 301 /blog/bite-correction-in-karur /blog/bite-correction-in-vellore
Redirect 301 /blog/bite-correction-in-madurai /blog/bite-correction-in-vellore
Redirect 301 /blog/bite-correction-in-nagapattinam /blog/bite-correction-in-vellore
Redirect 301 /blog/bite-correction-in-namakkal /blog/bite-correction-in-vellore
Redirect 301 /blog/bite-correction-in-pudukkottai /blog/bite-correction-in-vellore
Redirect 301 /blog/bite-correction-in-ramanathapuram /blog/bite-correction-in-vellore
Redirect 301 /blog/bite-correction-in-salem /blog/bite-correction-in-vellore
Redirect 301 /blog/bite-correction-in-thanjavur /blog/bite-correction-in-vellore
Redirect 301 /blog/bite-correction-in-thoothukudi /blog/bite-correction-in-vellore
Redirect 301 /blog/bite-correction-in-tiruchirappalli /blog/bite-correction-in-vellore
Redirect 301 /blog/bite-correction-in-tirunelveli /blog/bite-correction-in-vellore
Redirect 301 /blog/bite-correction-in-tiruppur /blog/bite-correction-in-vellore
Redirect 301 /blog/bite-correction-in-virudhunagar /blog/bite-correction-in-vellore
Redirect 301 /blog/bone-grafting-in-chennai /blog/bone-grafting-in-vellore
Redirect 301 /blog/bone-grafting-in-coimbatore /blog/bone-grafting-in-vellore
Redirect 301 /blog/bone-grafting-in-cuddalore /blog/bone-grafting-in-vellore
Redirect 301 /blog/bone-grafting-in-dindigul /blog/bone-grafting-in-vellore
Redirect 301 /blog/bone-grafting-in-erode /blog/bone-grafting-in-vellore
Redirect 301 /blog/bone-grafting-in-kanchipuram /blog/bone-grafting-in-vellore
Redirect 301 /blog/bone-grafting-in-karur /blog/bone-grafting-in-vellore
Redirect 301 /blog/bone-grafting-in-madurai /blog/bone-grafting-in-vellore
Redirect 301 /blog/bone-grafting-in-nagapattinam /blog/bone-grafting-in-vellore
Redirect 301 /blog/bone-grafting-in-namakkal /blog/bone-grafting-in-vellore
Redirect 301 /blog/bone-grafting-in-pudukkottai /blog/bone-grafting-in-vellore
Redirect 301 /blog/bone-grafting-in-ramanathapuram /blog/bone-grafting-in-vellore
Redirect 301 /blog/bone-grafting-in-salem /blog/bone-grafting-in-vellore
Redirect 301 /blog/bone-grafting-in-thanjavur /blog/bone-grafting-in-vellore
Redirect 301 /blog/bone-grafting-in-thoothukudi /blog/bone-grafting-in-vellore
Redirect 301 /blog/bone-grafting-in-tiruchirappalli /blog/bone-grafting-in-vellore
Redirect 301 /blog/bone-grafting-in-tirunelveli /blog/bone-grafting-in-vellore
Redirect 301 /blog/bone-grafting-in-tiruppur /blog/bone-grafting-in-vellore
Redirect 301 /blog/bone-grafting-in-virudhunagar /blog/bone-grafting-in-vellore
Redirect 301 /blog/clear-aligners-in-ambur /blog/clear-aligners-in-vellore
Redirect 301 /blog/clear-aligners-in-chennai /blog/clear-aligners-in-vellore
Redirect 301 /blog/clear-aligners-in-chittoor /blog/clear-aligners-in-vellore
Redirect 301 /blog/clear-aligners-in-coimbatore /blog/clear-aligners-in-vellore
Redirect 301 /blog/clear-aligners-in-cuddalore /blog/clear-aligners-in-vellore
Redirect 301 /blog/clear-aligners-in-dindigul /blog/clear-aligners-in-vellore
Redirect 301 /blog/clear-aligners-in-erode /blog/clear-aligners-in-vellore
Redirect 301 /blog/clear-aligners-in-kanchipuram /blog/clear-aligners-in-vellore
Redirect 301 /blog/clear-aligners-in-karur /blog/clear-aligners-in-vellore
Redirect 301 /blog/clear-aligners-in-madurai /blog/clear-aligners-in-vellore
Redirect 301 /blog/clear-aligners-in-nagapattinam /blog/clear-aligners-in-vellore
Redirect 301 /blog/clear-aligners-in-namakkal /blog/clear-aligners-in-vellore
Redirect 301 /blog/clear-aligners-in-pudukkottai /blog/clear-aligners-in-vellore
Redirect 301 /blog/clear-aligners-in-ramanathapuram /blog/clear-aligners-in-vellore
Redirect 301 /blog/clear-aligners-in-salem /blog/clear-aligners-in-vellore
Redirect 301 /blog/clear-aligners-in-thanjavur /blog/clear-aligners-in-vellore
Redirect 301 /blog/clear-aligners-in-thoothukudi /blog/clear-aligners-in-vellore
Redirect 301 /blog/clear-aligners-in-tiruchirappalli /blog/clear-aligners-in-vellore
Redirect 301 /blog/clear-aligners-in-tirunelveli /blog/clear-aligners-in-vellore
Redirect 301 /blog/clear-aligners-in-tiruppur /blog/clear-aligners-in-vellore
Redirect 301 /blog/clear-aligners-in-virudhunagar /blog/clear-aligners-in-vellore
Redirect 301 /blog/clear-plastic-aligners-in-chennai /blog/clear-plastic-aligners-in-vellore
Redirect 301 /blog/clear-plastic-aligners-in-coimbatore /blog/clear-plastic-aligners-in-vellore
Redirect 301 /blog/clear-plastic-aligners-in-cuddalore /blog/clear-plastic-aligners-in-vellore
Redirect 301 /blog/clear-plastic-aligners-in-dindigul /blog/clear-plastic-aligners-in-vellore
Redirect 301 /blog/clear-plastic-aligners-in-erode /blog/clear-plastic-aligners-in-vellore
Redirect 301 /blog/clear-plastic-aligners-in-kanchipuram /blog/clear-plastic-aligners-in-vellore
Redirect 301 /blog/clear-plastic-aligners-in-karur /blog/clear-plastic-aligners-in-vellore
Redirect 301 /blog/clear-plastic-aligners-in-madurai /blog/clear-plastic-aligners-in-vellore
Redirect 301 /blog/clear-plastic-aligners-in-nagapattinam /blog/clear-plastic-aligners-in-vellore
Redirect 301 /blog/clear-plastic-aligners-in-namakkal /blog/clear-plastic-aligners-in-vellore
Redirect 301 /blog/clear-plastic-aligners-in-pudukkottai /blog/clear-plastic-aligners-in-vellore
Redirect 301 /blog/clear-plastic-aligners-in-ramanathapuram /blog/clear-plastic-aligners-in-vellore
Redirect 301 /blog/clear-plastic-aligners-in-salem /blog/clear-plastic-aligners-in-vellore
Redirect 301 /blog/clear-plastic-aligners-in-thanjavur /blog/clear-plastic-aligners-in-vellore
Redirect 301 /blog/clear-plastic-aligners-in-thoothukudi /blog/clear-plastic-aligners-in-vellore
Redirect 301 /blog/clear-plastic-aligners-in-tiruchirappalli /blog/clear-plastic-aligners-in-vellore
Redirect 301 /blog/clear-plastic-aligners-in-tirunelveli /blog/clear-plastic-aligners-in-vellore
Redirect 301 /blog/clear-plastic-aligners-in-tiruppur /blog/clear-plastic-aligners-in-vellore
Redirect 301 /blog/clear-plastic-aligners-in-virudhunagar /blog/clear-plastic-aligners-in-vellore
Redirect 301 /blog/cost-of-implants-in-chennai /blog/cost-of-implants-in-vellore
Redirect 301 /blog/cost-of-implants-in-coimbatore /blog/cost-of-implants-in-vellore
Redirect 301 /blog/cost-of-implants-in-cuddalore /blog/cost-of-implants-in-vellore
Redirect 301 /blog/cost-of-implants-in-dindigul /blog/cost-of-implants-in-vellore
Redirect 301 /blog/cost-of-implants-in-erode /blog/cost-of-implants-in-vellore
Redirect 301 /blog/cost-of-implants-in-kanchipuram /blog/cost-of-implants-in-vellore
Redirect 301 /blog/cost-of-implants-in-karur /blog/cost-of-implants-in-vellore
Redirect 301 /blog/cost-of-implants-in-madurai /blog/cost-of-implants-in-vellore
Redirect 301 /blog/cost-of-implants-in-nagapattinam /blog/cost-of-implants-in-vellore
Redirect 301 /blog/cost-of-implants-in-namakkal /blog/cost-of-implants-in-vellore
Redirect 301 /blog/cost-of-implants-in-pudukkottai /blog/cost-of-implants-in-vellore
Redirect 301 /blog/cost-of-implants-in-ramanathapuram /blog/cost-of-implants-in-vellore
Redirect 301 /blog/cost-of-implants-in-salem /blog/cost-of-implants-in-vellore
Redirect 301 /blog/cost-of-implants-in-thanjavur /blog/cost-of-implants-in-vellore
Redirect 301 /blog/cost-of-implants-in-thoothukudi /blog/cost-of-implants-in-vellore
Redirect 301 /blog/cost-of-implants-in-tiruchirappalli /blog/cost-of-implants-in-vellore
Redirect 301 /blog/cost-of-implants-in-tirunelveli /blog/cost-of-implants-in-vellore
Redirect 301 /blog/cost-of-implants-in-tiruppur /blog/cost-of-implants-in-vellore
Redirect 301 /blog/cost-of-implants-in-virudhunagar /blog/cost-of-implants-in-vellore
Redirect 301 /blog/custom-aligners-in-chennai /blog/custom-aligners-in-vellore
Redirect 301 /blog/custom-aligners-in-coimbatore /blog/custom-aligners-in-vellore
Redirect 301 /blog/custom-aligners-in-cuddalore /blog/custom-aligners-in-vellore
Redirect 301 /blog/custom-aligners-in-dindigul /blog/custom-aligners-in-vellore
Redirect 301 /blog/custom-aligners-in-erode /blog/custom-aligners-in-vellore
Redirect 301 /blog/custom-aligners-in-kanchipuram /blog/custom-aligners-in-vellore
Redirect 301 /blog/custom-aligners-in-karur /blog/custom-aligners-in-vellore
Redirect 301 /blog/custom-aligners-in-madurai /blog/custom-aligners-in-vellore
Redirect 301 /blog/custom-aligners-in-nagapattinam /blog/custom-aligners-in-vellore
Redirect 301 /blog/custom-aligners-in-namakkal /blog/custom-aligners-in-vellore
Redirect 301 /blog/custom-aligners-in-pudukkottai /blog/custom-aligners-in-vellore
Redirect 301 /blog/custom-aligners-in-ramanathapuram /blog/custom-aligners-in-vellore
Redirect 301 /blog/custom-aligners-in-salem /blog/custom-aligners-in-vellore
Redirect 301 /blog/custom-aligners-in-thanjavur /blog/custom-aligners-in-vellore
Redirect 301 /blog/custom-aligners-in-thoothukudi /blog/custom-aligners-in-vellore
Redirect 301 /blog/custom-aligners-in-tiruchirappalli /blog/custom-aligners-in-vellore
Redirect 301 /blog/custom-aligners-in-tirunelveli /blog/custom-aligners-in-vellore
Redirect 301 /blog/custom-aligners-in-tiruppur /blog/custom-aligners-in-vellore
Redirect 301 /blog/custom-aligners-in-virudhunagar /blog/custom-aligners-in-vellore
Redirect 301 /blog/dental-alignment-in-chennai /blog/dental-alignment-in-vellore
Redirect 301 /blog/dental-alignment-in-coimbatore /blog/dental-alignment-in-vellore
Redirect 301 /blog/dental-alignment-in-cuddalore /blog/dental-alignment-in-vellore
Redirect 301 /blog/dental-alignment-in-dindigul /blog/dental-alignment-in-vellore
Redirect 301 /blog/dental-alignment-in-erode /blog/dental-alignment-in-vellore
Redirect 301 /blog/dental-alignment-in-kanchipuram /blog/dental-alignment-in-vellore
Redirect 301 /blog/dental-alignment-in-karur /blog/dental-alignment-in-vellore
Redirect 301 /blog/dental-alignment-in-madurai /blog/dental-alignment-in-vellore
Redirect 301 /blog/dental-alignment-in-nagapattinam /blog/dental-alignment-in-vellore
Redirect 301 /blog/dental-alignment-in-namakkal /blog/dental-alignment-in-vellore
Redirect 301 /blog/dental-alignment-in-pudukkottai /blog/dental-alignment-in-vellore
Redirect 301 /blog/dental-alignment-in-ramanathapuram /blog/dental-alignment-in-vellore
Redirect 301 /blog/dental-alignment-in-salem /blog/dental-alignment-in-vellore
Redirect 301 /blog/dental-alignment-in-thanjavur /blog/dental-alignment-in-vellore
Redirect 301 /blog/dental-alignment-in-thoothukudi /blog/dental-alignment-in-vellore
Redirect 301 /blog/dental-alignment-in-tiruchirappalli /blog/dental-alignment-in-vellore
Redirect 301 /blog/dental-alignment-in-tirunelveli /blog/dental-alignment-in-vellore
Redirect 301 /blog/dental-alignment-in-tiruppur /blog/dental-alignment-in-vellore
Redirect 301 /blog/dental-alignment-in-virudhunagar /blog/dental-alignment-in-vellore
Redirect 301 /blog/dental-implants-in-ambur /blog/dental-implants-in-vellore
Redirect 301 /blog/dental-implants-in-arcot /blog/dental-implants-in-vellore
Redirect 301 /blog/dental-implants-in-chennai /blog/dental-implants-in-vellore
Redirect 301 /blog/dental-implants-in-chittoor /blog/dental-implants-in-vellore
Redirect 301 /blog/dental-implants-in-coimbatore /blog/dental-implants-in-vellore
Redirect 301 /blog/dental-implants-in-cuddalore /blog/dental-implants-in-vellore
Redirect 301 /blog/dental-implants-in-dindigul /blog/dental-implants-in-vellore
Redirect 301 /blog/dental-implants-in-erode /blog/dental-implants-in-vellore
Redirect 301 /blog/dental-implants-in-kanchipuram /blog/dental-implants-in-vellore
Redirect 301 /blog/dental-implants-in-karur /blog/dental-implants-in-vellore
Redirect 301 /blog/dental-implants-in-madurai /blog/dental-implants-in-vellore
Redirect 301 /blog/dental-implants-in-nagapattinam /blog/dental-implants-in-vellore
Redirect 301 /blog/dental-implants-in-namakkal /blog/dental-implants-in-vellore
Redirect 301 /blog/dental-implants-in-pudukkottai /blog/dental-implants-in-vellore
Redirect 301 /blog/dental-implants-in-ramanathapuram /blog/dental-implants-in-vellore
Redirect 301 /blog/dental-implants-in-ranipet /blog/dental-implants-in-vellore
Redirect 301 /blog/dental-implants-in-salem /blog/dental-implants-in-vellore
Redirect 301 /blog/dental-implants-in-thanjavur /blog/dental-implants-in-vellore
Redirect 301 /blog/dental-implants-in-thoothukudi /blog/dental-implants-in-vellore
Redirect 301 /blog/dental-implants-in-tiruchirappalli /blog/dental-implants-in-vellore
Redirect 301 /blog/dental-implants-in-tirunelveli /blog/dental-implants-in-vellore
Redirect 301 /blog/dental-implants-in-tiruppur /blog/dental-implants-in-vellore
Redirect 301 /blog/dental-implants-in-virudhunagar /blog/dental-implants-in-vellore
Redirect 301 /blog/dentist-recommendation-in-chennai /blog/dentist-recommendation-in-vellore
Redirect 301 /blog/dentist-recommendation-in-coimbatore /blog/dentist-recommendation-in-vellore
Redirect 301 /blog/dentist-recommendation-in-cuddalore /blog/dentist-recommendation-in-vellore
Redirect 301 /blog/dentist-recommendation-in-dindigul /blog/dentist-recommendation-in-vellore
Redirect 301 /blog/dentist-recommendation-in-erode /blog/dentist-recommendation-in-vellore
Redirect 301 /blog/dentist-recommendation-in-kanchipuram /blog/dentist-recommendation-in-vellore
Redirect 301 /blog/dentist-recommendation-in-karur /blog/dentist-recommendation-in-vellore
Redirect 301 /blog/dentist-recommendation-in-madurai /blog/dentist-recommendation-in-vellore
Redirect 301 /blog/dentist-recommendation-in-nagapattinam /blog/dentist-recommendation-in-vellore
Redirect 301 /blog/dentist-recommendation-in-namakkal /blog/dentist-recommendation-in-vellore
Redirect 301 /blog/dentist-recommendation-in-pudukkottai /blog/dentist-recommendation-in-vellore
Redirect 301 /blog/dentist-recommendation-in-ramanathapuram /blog/dentist-recommendation-in-vellore
Redirect 301 /blog/dentist-recommendation-in-salem /blog/dentist-recommendation-in-vellore
Redirect 301 /blog/dentist-recommendation-in-thanjavur /blog/dentist-recommendation-in-vellore
Redirect 301 /blog/dentist-recommendation-in-thoothukudi /blog/dentist-recommendation-in-vellore
Redirect 301 /blog/dentist-recommendation-in-tiruchirappalli /blog/dentist-recommendation-in-vellore
Redirect 301 /blog/dentist-recommendation-in-tirunelveli /blog/dentist-recommendation-in-vellore
Redirect 301 /blog/dentist-recommendation-in-tiruppur /blog/dentist-recommendation-in-vellore
Redirect 301 /blog/dentist-recommendation-in-virudhunagar /blog/dentist-recommendation-in-vellore
Redirect 301 /blog/digital-orthodontics-in-chennai /blog/digital-orthodontics-in-vellore
Redirect 301 /blog/digital-orthodontics-in-coimbatore /blog/digital-orthodontics-in-vellore
Redirect 301 /blog/digital-orthodontics-in-cuddalore /blog/digital-orthodontics-in-vellore
Redirect 301 /blog/digital-orthodontics-in-dindigul /blog/digital-orthodontics-in-vellore
Redirect 301 /blog/digital-orthodontics-in-erode /blog/digital-orthodontics-in-vellore
Redirect 301 /blog/digital-orthodontics-in-kanchipuram /blog/digital-orthodontics-in-vellore
Redirect 301 /blog/digital-orthodontics-in-karur /blog/digital-orthodontics-in-vellore
Redirect 301 /blog/digital-orthodontics-in-madurai /blog/digital-orthodontics-in-vellore
Redirect 301 /blog/digital-orthodontics-in-nagapattinam /blog/digital-orthodontics-in-vellore
Redirect 301 /blog/digital-orthodontics-in-namakkal /blog/digital-orthodontics-in-vellore
Redirect 301 /blog/digital-orthodontics-in-pudukkottai /blog/digital-orthodontics-in-vellore
Redirect 301 /blog/digital-orthodontics-in-ramanathapuram /blog/digital-orthodontics-in-vellore
Redirect 301 /blog/digital-orthodontics-in-salem /blog/digital-orthodontics-in-vellore
Redirect 301 /blog/digital-orthodontics-in-thanjavur /blog/digital-orthodontics-in-vellore
Redirect 301 /blog/digital-orthodontics-in-thoothukudi /blog/digital-orthodontics-in-vellore
Redirect 301 /blog/digital-orthodontics-in-tiruchirappalli /blog/digital-orthodontics-in-vellore
Redirect 301 /blog/digital-orthodontics-in-tirunelveli /blog/digital-orthodontics-in-vellore
Redirect 301 /blog/digital-orthodontics-in-tiruppur /blog/digital-orthodontics-in-vellore
Redirect 301 /blog/digital-orthodontics-in-virudhunagar /blog/digital-orthodontics-in-vellore
Redirect 301 /blog/endosteal-implants-in-chennai /blog/endosteal-implants-in-vellore
Redirect 301 /blog/endosteal-implants-in-coimbatore /blog/endosteal-implants-in-vellore
Redirect 301 /blog/endosteal-implants-in-cuddalore /blog/endosteal-implants-in-vellore
Redirect 301 /blog/endosteal-implants-in-dindigul /blog/endosteal-implants-in-vellore
Redirect 301 /blog/endosteal-implants-in-erode /blog/endosteal-implants-in-vellore
Redirect 301 /blog/endosteal-implants-in-kanchipuram /blog/endosteal-implants-in-vellore
Redirect 301 /blog/endosteal-implants-in-karur /blog/endosteal-implants-in-vellore
Redirect 301 /blog/endosteal-implants-in-madurai /blog/endosteal-implants-in-vellore
Redirect 301 /blog/endosteal-implants-in-nagapattinam /blog/endosteal-implants-in-vellore
Redirect 301 /blog/endosteal-implants-in-namakkal /blog/endosteal-implants-in-vellore
Redirect 301 /blog/endosteal-implants-in-pudukkottai /blog/endosteal-implants-in-vellore
Redirect 301 /blog/endosteal-implants-in-ramanathapuram /blog/endosteal-implants-in-vellore
Redirect 301 /blog/endosteal-implants-in-salem /blog/endosteal-implants-in-vellore
Redirect 301 /blog/endosteal-implants-in-thanjavur /blog/endosteal-implants-in-vellore
Redirect 301 /blog/endosteal-implants-in-thoothukudi /blog/endosteal-implants-in-vellore
Redirect 301 /blog/endosteal-implants-in-tiruchirappalli /blog/endosteal-implants-in-vellore
Redirect 301 /blog/endosteal-implants-in-tirunelveli /blog/endosteal-implants-in-vellore
Redirect 301 /blog/endosteal-implants-in-tiruppur /blog/endosteal-implants-in-vellore
Redirect 301 /blog/endosteal-implants-in-virudhunagar /blog/endosteal-implants-in-vellore
Redirect 301 /blog/full-mouth-implants-in-chennai /blog/full-mouth-implants-in-vellore
Redirect 301 /blog/full-mouth-implants-in-coimbatore /blog/full-mouth-implants-in-vellore
Redirect 301 /blog/full-mouth-implants-in-cuddalore /blog/full-mouth-implants-in-vellore
Redirect 301 /blog/full-mouth-implants-in-dindigul /blog/full-mouth-implants-in-vellore
Redirect 301 /blog/full-mouth-implants-in-erode /blog/full-mouth-implants-in-vellore
Redirect 301 /blog/full-mouth-implants-in-kanchipuram /blog/full-mouth-implants-in-vellore
Redirect 301 /blog/full-mouth-implants-in-karur /blog/full-mouth-implants-in-vellore
Redirect 301 /blog/full-mouth-implants-in-madurai /blog/full-mouth-implants-in-vellore
Redirect 301 /blog/full-mouth-implants-in-nagapattinam /blog/full-mouth-implants-in-vellore
Redirect 301 /blog/full-mouth-implants-in-namakkal /blog/full-mouth-implants-in-vellore
Redirect 301 /blog/full-mouth-implants-in-pudukkottai /blog/full-mouth-implants-in-vellore
Redirect 301 /blog/full-mouth-implants-in-ramanathapuram /blog/full-mouth-implants-in-vellore
Redirect 301 /blog/full-mouth-implants-in-salem /blog/full-mouth-implants-in-vellore
Redirect 301 /blog/full-mouth-implants-in-thanjavur /blog/full-mouth-implants-in-vellore
Redirect 301 /blog/full-mouth-implants-in-thoothukudi /blog/full-mouth-implants-in-vellore
Redirect 301 /blog/full-mouth-implants-in-tiruchirappalli /blog/full-mouth-implants-in-vellore
Redirect 301 /blog/full-mouth-implants-in-tirunelveli /blog/full-mouth-implants-in-vellore
Redirect 301 /blog/full-mouth-implants-in-tirupattur /blog/full-mouth-implants-in-vellore
Redirect 301 /blog/full-mouth-implants-in-tiruppur /blog/full-mouth-implants-in-vellore
Redirect 301 /blog/full-mouth-implants-in-virudhunagar /blog/full-mouth-implants-in-vellore
Redirect 301 /blog/functional-movements-in-chennai /blog/functional-movements-in-vellore
Redirect 301 /blog/functional-movements-in-coimbatore /blog/functional-movements-in-vellore
Redirect 301 /blog/functional-movements-in-cuddalore /blog/functional-movements-in-vellore
Redirect 301 /blog/functional-movements-in-dindigul /blog/functional-movements-in-vellore
Redirect 301 /blog/functional-movements-in-erode /blog/functional-movements-in-vellore
Redirect 301 /blog/functional-movements-in-kanchipuram /blog/functional-movements-in-vellore
Redirect 301 /blog/functional-movements-in-karur /blog/functional-movements-in-vellore
Redirect 301 /blog/functional-movements-in-madurai /blog/functional-movements-in-vellore
Redirect 301 /blog/functional-movements-in-nagapattinam /blog/functional-movements-in-vellore
Redirect 301 /blog/functional-movements-in-namakkal /blog/functional-movements-in-vellore
Redirect 301 /blog/functional-movements-in-pudukkottai /blog/functional-movements-in-vellore
Redirect 301 /blog/functional-movements-in-ramanathapuram /blog/functional-movements-in-vellore
Redirect 301 /blog/functional-movements-in-salem /blog/functional-movements-in-vellore
Redirect 301 /blog/functional-movements-in-thanjavur /blog/functional-movements-in-vellore
Redirect 301 /blog/functional-movements-in-thoothukudi /blog/functional-movements-in-vellore
Redirect 301 /blog/functional-movements-in-tiruchirappalli /blog/functional-movements-in-vellore
Redirect 301 /blog/functional-movements-in-tirunelveli /blog/functional-movements-in-vellore
Redirect 301 /blog/functional-movements-in-tiruppur /blog/functional-movements-in-vellore
Redirect 301 /blog/functional-movements-in-virudhunagar /blog/functional-movements-in-vellore
Redirect 301 /blog/implant-dentist-in-chennai /blog/implant-dentist-in-vellore
Redirect 301 /blog/implant-dentist-in-coimbatore /blog/implant-dentist-in-vellore
Redirect 301 /blog/implant-dentist-in-cuddalore /blog/implant-dentist-in-vellore
Redirect 301 /blog/implant-dentist-in-dindigul /blog/implant-dentist-in-vellore
Redirect 301 /blog/implant-dentist-in-erode /blog/implant-dentist-in-vellore
Redirect 301 /blog/implant-dentist-in-kanchipuram /blog/implant-dentist-in-vellore
Redirect 301 /blog/implant-dentist-in-karur /blog/implant-dentist-in-vellore
Redirect 301 /blog/implant-dentist-in-madurai /blog/implant-dentist-in-vellore
Redirect 301 /blog/implant-dentist-in-nagapattinam /blog/implant-dentist-in-vellore
Redirect 301 /blog/implant-dentist-in-namakkal /blog/implant-dentist-in-vellore
Redirect 301 /blog/implant-dentist-in-pudukkottai /blog/implant-dentist-in-vellore
Redirect 301 /blog/implant-dentist-in-ramanathapuram /blog/implant-dentist-in-vellore
Redirect 301 /blog/implant-dentist-in-salem /blog/implant-dentist-in-vellore
Redirect 301 /blog/implant-dentist-in-thanjavur /blog/implant-dentist-in-vellore
Redirect 301 /blog/implant-dentist-in-thoothukudi /blog/implant-dentist-in-vellore
Redirect 301 /blog/implant-dentist-in-tiruchirappalli /blog/implant-dentist-in-vellore
Redirect 301 /blog/implant-dentist-in-tirunelveli /blog/implant-dentist-in-vellore
Redirect 301 /blog/implant-dentist-in-tiruppur /blog/implant-dentist-in-vellore
Redirect 301 /blog/implant-dentist-in-virudhunagar /blog/implant-dentist-in-vellore
Redirect 301 /blog/implant-failure-in-chennai /blog/implant-failure-in-vellore
Redirect 301 /blog/implant-failure-in-coimbatore /blog/implant-failure-in-vellore
Redirect 301 /blog/implant-failure-in-cuddalore /blog/implant-failure-in-vellore
Redirect 301 /blog/implant-failure-in-dindigul /blog/implant-failure-in-vellore
Redirect 301 /blog/implant-failure-in-erode /blog/implant-failure-in-vellore
Redirect 301 /blog/implant-failure-in-kanchipuram /blog/implant-failure-in-vellore
Redirect 301 /blog/implant-failure-in-karur /blog/implant-failure-in-vellore
Redirect 301 /blog/implant-failure-in-madurai /blog/implant-failure-in-vellore
Redirect 301 /blog/implant-failure-in-nagapattinam /blog/implant-failure-in-vellore
Redirect 301 /blog/implant-failure-in-namakkal /blog/implant-failure-in-vellore
Redirect 301 /blog/implant-failure-in-pudukkottai /blog/implant-failure-in-vellore
Redirect 301 /blog/implant-failure-in-ramanathapuram /blog/implant-failure-in-vellore
Redirect 301 /blog/implant-failure-in-salem /blog/implant-failure-in-vellore
Redirect 301 /blog/implant-failure-in-thanjavur /blog/implant-failure-in-vellore
Redirect 301 /blog/implant-failure-in-thoothukudi /blog/implant-failure-in-vellore
Redirect 301 /blog/implant-failure-in-tiruchirappalli /blog/implant-failure-in-vellore
Redirect 301 /blog/implant-failure-in-tirunelveli /blog/implant-failure-in-vellore
Redirect 301 /blog/implant-failure-in-tiruppur /blog/implant-failure-in-vellore
Redirect 301 /blog/implant-failure-in-virudhunagar /blog/implant-failure-in-vellore
Redirect 301 /blog/implanted-teeth-in-chennai /blog/implanted-teeth-in-vellore
Redirect 301 /blog/implanted-teeth-in-coimbatore /blog/implanted-teeth-in-vellore
Redirect 301 /blog/implanted-teeth-in-cuddalore /blog/implanted-teeth-in-vellore
Redirect 301 /blog/implanted-teeth-in-dindigul /blog/implanted-teeth-in-vellore
Redirect 301 /blog/implanted-teeth-in-erode /blog/implanted-teeth-in-vellore
Redirect 301 /blog/implanted-teeth-in-kanchipuram /blog/implanted-teeth-in-vellore
Redirect 301 /blog/implanted-teeth-in-karur /blog/implanted-teeth-in-vellore
Redirect 301 /blog/implanted-teeth-in-madurai /blog/implanted-teeth-in-vellore
Redirect 301 /blog/implanted-teeth-in-nagapattinam /blog/implanted-teeth-in-vellore
Redirect 301 /blog/implanted-teeth-in-namakkal /blog/implanted-teeth-in-vellore
Redirect 301 /blog/implanted-teeth-in-pudukkottai /blog/implanted-teeth-in-vellore
Redirect 301 /blog/implanted-teeth-in-ramanathapuram /blog/implanted-teeth-in-vellore
Redirect 301 /blog/implanted-teeth-in-salem /blog/implanted-teeth-in-vellore
Redirect 301 /blog/implanted-teeth-in-thanjavur /blog/implanted-teeth-in-vellore
Redirect 301 /blog/implanted-teeth-in-thoothukudi /blog/implanted-teeth-in-vellore
Redirect 301 /blog/implanted-teeth-in-tiruchirappalli /blog/implanted-teeth-in-vellore
Redirect 301 /blog/implanted-teeth-in-tirunelveli /blog/implanted-teeth-in-vellore
Redirect 301 /blog/implanted-teeth-in-tiruppur /blog/implanted-teeth-in-vellore
Redirect 301 /blog/implanted-teeth-in-virudhunagar /blog/implanted-teeth-in-vellore
Redirect 301 /blog/implantology-in-chennai /blog/implantology-in-vellore
Redirect 301 /blog/implantology-in-coimbatore /blog/implantology-in-vellore
Redirect 301 /blog/implantology-in-cuddalore /blog/implantology-in-vellore
Redirect 301 /blog/implantology-in-dindigul /blog/implantology-in-vellore
Redirect 301 /blog/implantology-in-erode /blog/implantology-in-vellore
Redirect 301 /blog/implantology-in-kanchipuram /blog/implantology-in-vellore
Redirect 301 /blog/implantology-in-karur /blog/implantology-in-vellore
Redirect 301 /blog/implantology-in-madurai /blog/implantology-in-vellore
Redirect 301 /blog/implantology-in-nagapattinam /blog/implantology-in-vellore
Redirect 301 /blog/implantology-in-namakkal /blog/implantology-in-vellore
Redirect 301 /blog/implantology-in-pudukkottai /blog/implantology-in-vellore
Redirect 301 /blog/implantology-in-ramanathapuram /blog/implantology-in-vellore
Redirect 301 /blog/implantology-in-salem /blog/implantology-in-vellore
Redirect 301 /blog/implantology-in-thanjavur /blog/implantology-in-vellore
Redirect 301 /blog/implantology-in-thoothukudi /blog/implantology-in-vellore
Redirect 301 /blog/implantology-in-tiruchirappalli /blog/implantology-in-vellore
Redirect 301 /blog/implantology-in-tirunelveli /blog/implantology-in-vellore
Redirect 301 /blog/implantology-in-tiruppur /blog/implantology-in-vellore
Redirect 301 /blog/implantology-in-virudhunagar /blog/implantology-in-vellore
Redirect 301 /blog/invisible-braces-in-chennai /blog/invisible-braces-in-vellore
Redirect 301 /blog/invisible-braces-in-coimbatore /blog/invisible-braces-in-vellore
Redirect 301 /blog/invisible-braces-in-cuddalore /blog/invisible-braces-in-vellore
Redirect 301 /blog/invisible-braces-in-dindigul /blog/invisible-braces-in-vellore
Redirect 301 /blog/invisible-braces-in-erode /blog/invisible-braces-in-vellore
Redirect 301 /blog/invisible-braces-in-kanchipuram /blog/invisible-braces-in-vellore
Redirect 301 /blog/invisible-braces-in-karur /blog/invisible-braces-in-vellore
Redirect 301 /blog/invisible-braces-in-madurai /blog/invisible-braces-in-vellore
Redirect 301 /blog/invisible-braces-in-nagapattinam /blog/invisible-braces-in-vellore
Redirect 301 /blog/invisible-braces-in-namakkal /blog/invisible-braces-in-vellore
Redirect 301 /blog/invisible-braces-in-pudukkottai /blog/invisible-braces-in-vellore
Redirect 301 /blog/invisible-braces-in-ramanathapuram /blog/invisible-braces-in-vellore
Redirect 301 /blog/invisible-braces-in-salem /blog/invisible-braces-in-vellore
Redirect 301 /blog/invisible-braces-in-thanjavur /blog/invisible-braces-in-vellore
Redirect 301 /blog/invisible-braces-in-thoothukudi /blog/invisible-braces-in-vellore
Redirect 301 /blog/invisible-braces-in-tiruchirappalli /blog/invisible-braces-in-vellore
Redirect 301 /blog/invisible-braces-in-tirunelveli /blog/invisible-braces-in-vellore
Redirect 301 /blog/invisible-braces-in-tiruppur /blog/invisible-braces-in-vellore
Redirect 301 /blog/invisible-braces-in-virudhunagar /blog/invisible-braces-in-vellore
Redirect 301 /blog/invisible-orthodontics-in-chennai /blog/invisible-orthodontics-in-vellore
Redirect 301 /blog/invisible-orthodontics-in-coimbatore /blog/invisible-orthodontics-in-vellore
Redirect 301 /blog/invisible-orthodontics-in-cuddalore /blog/invisible-orthodontics-in-vellore
Redirect 301 /blog/invisible-orthodontics-in-dindigul /blog/invisible-orthodontics-in-vellore
Redirect 301 /blog/invisible-orthodontics-in-erode /blog/invisible-orthodontics-in-vellore
Redirect 301 /blog/invisible-orthodontics-in-kanchipuram /blog/invisible-orthodontics-in-vellore
Redirect 301 /blog/invisible-orthodontics-in-karur /blog/invisible-orthodontics-in-vellore
Redirect 301 /blog/invisible-orthodontics-in-madurai /blog/invisible-orthodontics-in-vellore
Redirect 301 /blog/invisible-orthodontics-in-nagapattinam /blog/invisible-orthodontics-in-vellore
Redirect 301 /blog/invisible-orthodontics-in-namakkal /blog/invisible-orthodontics-in-vellore
Redirect 301 /blog/invisible-orthodontics-in-pudukkottai /blog/invisible-orthodontics-in-vellore
Redirect 301 /blog/invisible-orthodontics-in-ramanathapuram /blog/invisible-orthodontics-in-vellore
Redirect 301 /blog/invisible-orthodontics-in-salem /blog/invisible-orthodontics-in-vellore
Redirect 301 /blog/invisible-orthodontics-in-thanjavur /blog/invisible-orthodontics-in-vellore
Redirect 301 /blog/invisible-orthodontics-in-thoothukudi /blog/invisible-orthodontics-in-vellore
Redirect 301 /blog/invisible-orthodontics-in-tiruchirappalli /blog/invisible-orthodontics-in-vellore
Redirect 301 /blog/invisible-orthodontics-in-tirunelveli /blog/invisible-orthodontics-in-vellore
Redirect 301 /blog/invisible-orthodontics-in-tiruppur /blog/invisible-orthodontics-in-vellore
Redirect 301 /blog/invisible-orthodontics-in-virudhunagar /blog/invisible-orthodontics-in-vellore
Redirect 301 /blog/invisible-teeth-straightening-in-chennai /blog/invisible-teeth-straightening-in-vellore
Redirect 301 /blog/invisible-teeth-straightening-in-coimbatore /blog/invisible-teeth-straightening-in-vellore
Redirect 301 /blog/invisible-teeth-straightening-in-cuddalore /blog/invisible-teeth-straightening-in-vellore
Redirect 301 /blog/invisible-teeth-straightening-in-dindigul /blog/invisible-teeth-straightening-in-vellore
Redirect 301 /blog/invisible-teeth-straightening-in-erode /blog/invisible-teeth-straightening-in-vellore
Redirect 301 /blog/invisible-teeth-straightening-in-kanchipuram /blog/invisible-teeth-straightening-in-vellore
Redirect 301 /blog/invisible-teeth-straightening-in-karur /blog/invisible-teeth-straightening-in-vellore
Redirect 301 /blog/invisible-teeth-straightening-in-madurai /blog/invisible-teeth-straightening-in-vellore
Redirect 301 /blog/invisible-teeth-straightening-in-nagapattinam /blog/invisible-teeth-straightening-in-vellore
Redirect 301 /blog/invisible-teeth-straightening-in-namakkal /blog/invisible-teeth-straightening-in-vellore
Redirect 301 /blog/invisible-teeth-straightening-in-pudukkottai /blog/invisible-teeth-straightening-in-vellore
Redirect 301 /blog/invisible-teeth-straightening-in-ramanathapuram /blog/invisible-teeth-straightening-in-vellore
Redirect 301 /blog/invisible-teeth-straightening-in-salem /blog/invisible-teeth-straightening-in-vellore
Redirect 301 /blog/invisible-teeth-straightening-in-thanjavur /blog/invisible-teeth-straightening-in-vellore
Redirect 301 /blog/invisible-teeth-straightening-in-thoothukudi /blog/invisible-teeth-straightening-in-vellore
Redirect 301 /blog/invisible-teeth-straightening-in-tiruchirappalli /blog/invisible-teeth-straightening-in-vellore
Redirect 301 /blog/invisible-teeth-straightening-in-tirunelveli /blog/invisible-teeth-straightening-in-vellore
Redirect 301 /blog/invisible-teeth-straightening-in-tiruppur /blog/invisible-teeth-straightening-in-vellore
Redirect 301 /blog/invisible-teeth-straightening-in-virudhunagar /blog/invisible-teeth-straightening-in-vellore
Redirect 301 /blog/malocclusion-in-chennai /blog/malocclusion-in-vellore
Redirect 301 /blog/malocclusion-in-coimbatore /blog/malocclusion-in-vellore
Redirect 301 /blog/malocclusion-in-cuddalore /blog/malocclusion-in-vellore
Redirect 301 /blog/malocclusion-in-dindigul /blog/malocclusion-in-vellore
Redirect 301 /blog/malocclusion-in-erode /blog/malocclusion-in-vellore
Redirect 301 /blog/malocclusion-in-kanchipuram /blog/malocclusion-in-vellore
Redirect 301 /blog/malocclusion-in-karur /blog/malocclusion-in-vellore
Redirect 301 /blog/malocclusion-in-madurai /blog/malocclusion-in-vellore
Redirect 301 /blog/malocclusion-in-nagapattinam /blog/malocclusion-in-vellore
Redirect 301 /blog/malocclusion-in-namakkal /blog/malocclusion-in-vellore
Redirect 301 /blog/malocclusion-in-pudukkottai /blog/malocclusion-in-vellore
Redirect 301 /blog/malocclusion-in-ramanathapuram /blog/malocclusion-in-vellore
Redirect 301 /blog/malocclusion-in-salem /blog/malocclusion-in-vellore
Redirect 301 /blog/malocclusion-in-thanjavur /blog/malocclusion-in-vellore
Redirect 301 /blog/malocclusion-in-thoothukudi /blog/malocclusion-in-vellore
Redirect 301 /blog/malocclusion-in-tiruchirappalli /blog/malocclusion-in-vellore
Redirect 301 /blog/malocclusion-in-tirunelveli /blog/malocclusion-in-vellore
Redirect 301 /blog/malocclusion-in-tiruppur /blog/malocclusion-in-vellore
Redirect 301 /blog/malocclusion-in-virudhunagar /blog/malocclusion-in-vellore
Redirect 301 /blog/mini-implants-in-chennai /blog/mini-implants-in-vellore
Redirect 301 /blog/mini-implants-in-coimbatore /blog/mini-implants-in-vellore
Redirect 301 /blog/mini-implants-in-cuddalore /blog/mini-implants-in-vellore
Redirect 301 /blog/mini-implants-in-dindigul /blog/mini-implants-in-vellore
Redirect 301 /blog/mini-implants-in-erode /blog/mini-implants-in-vellore
Redirect 301 /blog/mini-implants-in-kanchipuram /blog/mini-implants-in-vellore
Redirect 301 /blog/mini-implants-in-karur /blog/mini-implants-in-vellore
Redirect 301 /blog/mini-implants-in-madurai /blog/mini-implants-in-vellore
Redirect 301 /blog/mini-implants-in-nagapattinam /blog/mini-implants-in-vellore
Redirect 301 /blog/mini-implants-in-namakkal /blog/mini-implants-in-vellore
Redirect 301 /blog/mini-implants-in-pudukkottai /blog/mini-implants-in-vellore
Redirect 301 /blog/mini-implants-in-ramanathapuram /blog/mini-implants-in-vellore
Redirect 301 /blog/mini-implants-in-salem /blog/mini-implants-in-vellore
Redirect 301 /blog/mini-implants-in-thanjavur /blog/mini-implants-in-vellore
Redirect 301 /blog/mini-implants-in-thoothukudi /blog/mini-implants-in-vellore
Redirect 301 /blog/mini-implants-in-tiruchirappalli /blog/mini-implants-in-vellore
Redirect 301 /blog/mini-implants-in-tirunelveli /blog/mini-implants-in-vellore
Redirect 301 /blog/mini-implants-in-tiruppur /blog/mini-implants-in-vellore
Redirect 301 /blog/mini-implants-in-virudhunagar /blog/mini-implants-in-vellore
Redirect 301 /blog/missing-teeth-in-chennai /blog/missing-teeth-in-vellore
Redirect 301 /blog/missing-teeth-in-coimbatore /blog/missing-teeth-in-vellore
Redirect 301 /blog/missing-teeth-in-cuddalore /blog/missing-teeth-in-vellore
Redirect 301 /blog/missing-teeth-in-dindigul /blog/missing-teeth-in-vellore
Redirect 301 /blog/missing-teeth-in-erode /blog/missing-teeth-in-vellore
Redirect 301 /blog/missing-teeth-in-kanchipuram /blog/missing-teeth-in-vellore
Redirect 301 /blog/missing-teeth-in-karur /blog/missing-teeth-in-vellore
Redirect 301 /blog/missing-teeth-in-madurai /blog/missing-teeth-in-vellore
Redirect 301 /blog/missing-teeth-in-nagapattinam /blog/missing-teeth-in-vellore
Redirect 301 /blog/missing-teeth-in-namakkal /blog/missing-teeth-in-vellore
Redirect 301 /blog/missing-teeth-in-pudukkottai /blog/missing-teeth-in-vellore
Redirect 301 /blog/missing-teeth-in-ramanathapuram /blog/missing-teeth-in-vellore
Redirect 301 /blog/missing-teeth-in-salem /blog/missing-teeth-in-vellore
Redirect 301 /blog/missing-teeth-in-thanjavur /blog/missing-teeth-in-vellore
Redirect 301 /blog/missing-teeth-in-thoothukudi /blog/missing-teeth-in-vellore
Redirect 301 /blog/missing-teeth-in-tiruchirappalli /blog/missing-teeth-in-vellore
Redirect 301 /blog/missing-teeth-in-tirunelveli /blog/missing-teeth-in-vellore
Redirect 301 /blog/missing-teeth-in-tiruppur /blog/missing-teeth-in-vellore
Redirect 301 /blog/missing-teeth-in-virudhunagar /blog/missing-teeth-in-vellore
Redirect 301 /blog/oral-surgery-in-chennai /blog/oral-surgery-in-vellore
Redirect 301 /blog/oral-surgery-in-coimbatore /blog/oral-surgery-in-vellore
Redirect 301 /blog/oral-surgery-in-cuddalore /blog/oral-surgery-in-vellore
Redirect 301 /blog/oral-surgery-in-dindigul /blog/oral-surgery-in-vellore
Redirect 301 /blog/oral-surgery-in-erode /blog/oral-surgery-in-vellore
Redirect 301 /blog/oral-surgery-in-kanchipuram /blog/oral-surgery-in-vellore
Redirect 301 /blog/oral-surgery-in-karur /blog/oral-surgery-in-vellore
Redirect 301 /blog/oral-surgery-in-madurai /blog/oral-surgery-in-vellore
Redirect 301 /blog/oral-surgery-in-nagapattinam /blog/oral-surgery-in-vellore
Redirect 301 /blog/oral-surgery-in-namakkal /blog/oral-surgery-in-vellore
Redirect 301 /blog/oral-surgery-in-pudukkottai /blog/oral-surgery-in-vellore
Redirect 301 /blog/oral-surgery-in-ramanathapuram /blog/oral-surgery-in-vellore
Redirect 301 /blog/oral-surgery-in-salem /blog/oral-surgery-in-vellore
Redirect 301 /blog/oral-surgery-in-thanjavur /blog/oral-surgery-in-vellore
Redirect 301 /blog/oral-surgery-in-thoothukudi /blog/oral-surgery-in-vellore
Redirect 301 /blog/oral-surgery-in-tiruchirappalli /blog/oral-surgery-in-vellore
Redirect 301 /blog/oral-surgery-in-tirunelveli /blog/oral-surgery-in-vellore
Redirect 301 /blog/oral-surgery-in-tiruppur /blog/oral-surgery-in-vellore
Redirect 301 /blog/oral-surgery-in-virudhunagar /blog/oral-surgery-in-vellore
Redirect 301 /blog/ortho-alignment-in-chennai /blog/ortho-alignment-in-vellore
Redirect 301 /blog/ortho-alignment-in-coimbatore /blog/ortho-alignment-in-vellore
Redirect 301 /blog/ortho-alignment-in-cuddalore /blog/ortho-alignment-in-vellore
Redirect 301 /blog/ortho-alignment-in-dindigul /blog/ortho-alignment-in-vellore
Redirect 301 /blog/ortho-alignment-in-erode /blog/ortho-alignment-in-vellore
Redirect 301 /blog/ortho-alignment-in-kanchipuram /blog/ortho-alignment-in-vellore
Redirect 301 /blog/ortho-alignment-in-karur /blog/ortho-alignment-in-vellore
Redirect 301 /blog/ortho-alignment-in-madurai /blog/ortho-alignment-in-vellore
Redirect 301 /blog/ortho-alignment-in-nagapattinam /blog/ortho-alignment-in-vellore
Redirect 301 /blog/ortho-alignment-in-namakkal /blog/ortho-alignment-in-vellore
Redirect 301 /blog/ortho-alignment-in-pudukkottai /blog/ortho-alignment-in-vellore
Redirect 301 /blog/ortho-alignment-in-ramanathapuram /blog/ortho-alignment-in-vellore
Redirect 301 /blog/ortho-alignment-in-salem /blog/ortho-alignment-in-vellore
Redirect 301 /blog/ortho-alignment-in-thanjavur /blog/ortho-alignment-in-vellore
Redirect 301 /blog/ortho-alignment-in-thoothukudi /blog/ortho-alignment-in-vellore
Redirect 301 /blog/ortho-alignment-in-tiruchirappalli /blog/ortho-alignment-in-vellore
Redirect 301 /blog/ortho-alignment-in-tirunelveli /blog/ortho-alignment-in-vellore
Redirect 301 /blog/ortho-alignment-in-tiruppur /blog/ortho-alignment-in-vellore
Redirect 301 /blog/ortho-alignment-in-virudhunagar /blog/ortho-alignment-in-vellore
Redirect 301 /blog/orthodontic-consultation-in-chennai /blog/orthodontic-consultation-in-vellore
Redirect 301 /blog/orthodontic-consultation-in-coimbatore /blog/orthodontic-consultation-in-vellore
Redirect 301 /blog/orthodontic-consultation-in-cuddalore /blog/orthodontic-consultation-in-vellore
Redirect 301 /blog/orthodontic-consultation-in-dindigul /blog/orthodontic-consultation-in-vellore
Redirect 301 /blog/orthodontic-consultation-in-erode /blog/orthodontic-consultation-in-vellore
Redirect 301 /blog/orthodontic-consultation-in-gudiyatham /blog/orthodontic-consultation-in-vellore
Redirect 301 /blog/orthodontic-consultation-in-kanchipuram /blog/orthodontic-consultation-in-vellore
Redirect 301 /blog/orthodontic-consultation-in-karur /blog/orthodontic-consultation-in-vellore
Redirect 301 /blog/orthodontic-consultation-in-madurai /blog/orthodontic-consultation-in-vellore
Redirect 301 /blog/orthodontic-consultation-in-nagapattinam /blog/orthodontic-consultation-in-vellore
Redirect 301 /blog/orthodontic-consultation-in-namakkal /blog/orthodontic-consultation-in-vellore
Redirect 301 /blog/orthodontic-consultation-in-pudukkottai /blog/orthodontic-consultation-in-vellore
Redirect 301 /blog/orthodontic-consultation-in-ramanathapuram /blog/orthodontic-consultation-in-vellore
Redirect 301 /blog/orthodontic-consultation-in-salem /blog/orthodontic-consultation-in-vellore
Redirect 301 /blog/orthodontic-consultation-in-thanjavur /blog/orthodontic-consultation-in-vellore
Redirect 301 /blog/orthodontic-consultation-in-thoothukudi /blog/orthodontic-consultation-in-vellore
Redirect 301 /blog/orthodontic-consultation-in-tiruchirappalli /blog/orthodontic-consultation-in-vellore
Redirect 301 /blog/orthodontic-consultation-in-tirunelveli /blog/orthodontic-consultation-in-vellore
Redirect 301 /blog/orthodontic-consultation-in-tiruppur /blog/orthodontic-consultation-in-vellore
Redirect 301 /blog/orthodontic-consultation-in-virudhunagar /blog/orthodontic-consultation-in-vellore
Redirect 301 /blog/orthodontic-treatment-in-bangalore /blog/orthodontic-treatment-in-vellore
Redirect 301 /blog/orthodontic-treatment-in-chennai /blog/orthodontic-treatment-in-vellore
Redirect 301 /blog/orthodontic-treatment-in-coimbatore /blog/orthodontic-treatment-in-vellore
Redirect 301 /blog/orthodontic-treatment-in-cuddalore /blog/orthodontic-treatment-in-vellore
Redirect 301 /blog/orthodontic-treatment-in-dindigul /blog/orthodontic-treatment-in-vellore
Redirect 301 /blog/orthodontic-treatment-in-erode /blog/orthodontic-treatment-in-vellore
Redirect 301 /blog/orthodontic-treatment-in-kanchipuram /blog/orthodontic-treatment-in-vellore
Redirect 301 /blog/orthodontic-treatment-in-karur /blog/orthodontic-treatment-in-vellore
Redirect 301 /blog/orthodontic-treatment-in-madurai /blog/orthodontic-treatment-in-vellore
Redirect 301 /blog/orthodontic-treatment-in-nagapattinam /blog/orthodontic-treatment-in-vellore
Redirect 301 /blog/orthodontic-treatment-in-namakkal /blog/orthodontic-treatment-in-vellore
Redirect 301 /blog/orthodontic-treatment-in-pudukkottai /blog/orthodontic-treatment-in-vellore
Redirect 301 /blog/orthodontic-treatment-in-ramanathapuram /blog/orthodontic-treatment-in-vellore
Redirect 301 /blog/orthodontic-treatment-in-ranipet /blog/orthodontic-treatment-in-vellore
Redirect 301 /blog/orthodontic-treatment-in-salem /blog/orthodontic-treatment-in-vellore
Redirect 301 /blog/orthodontic-treatment-in-thanjavur /blog/orthodontic-treatment-in-vellore
Redirect 301 /blog/orthodontic-treatment-in-thoothukudi /blog/orthodontic-treatment-in-vellore
Redirect 301 /blog/orthodontic-treatment-in-tiruchirappalli /blog/orthodontic-treatment-in-vellore
Redirect 301 /blog/orthodontic-treatment-in-tirunelveli /blog/orthodontic-treatment-in-vellore
Redirect 301 /blog/orthodontic-treatment-in-tiruppur /blog/orthodontic-treatment-in-vellore
Redirect 301 /blog/orthodontic-treatment-in-virudhunagar /blog/orthodontic-treatment-in-vellore
Redirect 301 /blog/orthodontics-in-chennai /blog/orthodontics-in-vellore
Redirect 301 /blog/orthodontics-in-coimbatore /blog/orthodontics-in-vellore
Redirect 301 /blog/orthodontics-in-cuddalore /blog/orthodontics-in-vellore
Redirect 301 /blog/orthodontics-in-dindigul /blog/orthodontics-in-vellore
Redirect 301 /blog/orthodontics-in-erode /blog/orthodontics-in-vellore
Redirect 301 /blog/orthodontics-in-kanchipuram /blog/orthodontics-in-vellore
Redirect 301 /blog/orthodontics-in-karur /blog/orthodontics-in-vellore
Redirect 301 /blog/orthodontics-in-madurai /blog/orthodontics-in-vellore
Redirect 301 /blog/orthodontics-in-nagapattinam /blog/orthodontics-in-vellore
Redirect 301 /blog/orthodontics-in-namakkal /blog/orthodontics-in-vellore
Redirect 301 /blog/orthodontics-in-pudukkottai /blog/orthodontics-in-vellore
Redirect 301 /blog/orthodontics-in-ramanathapuram /blog/orthodontics-in-vellore
Redirect 301 /blog/orthodontics-in-salem /blog/orthodontics-in-vellore
Redirect 301 /blog/orthodontics-in-thanjavur /blog/orthodontics-in-vellore
Redirect 301 /blog/orthodontics-in-thoothukudi /blog/orthodontics-in-vellore
Redirect 301 /blog/orthodontics-in-tiruchirappalli /blog/orthodontics-in-vellore
Redirect 301 /blog/orthodontics-in-tirunelveli /blog/orthodontics-in-vellore
Redirect 301 /blog/orthodontics-in-tiruppur /blog/orthodontics-in-vellore
Redirect 301 /blog/orthodontics-in-virudhunagar /blog/orthodontics-in-vellore
Redirect 301 /blog/predictable-results-in-chennai /blog/predictable-results-in-vellore
Redirect 301 /blog/predictable-results-in-coimbatore /blog/predictable-results-in-vellore
Redirect 301 /blog/predictable-results-in-cuddalore /blog/predictable-results-in-vellore
Redirect 301 /blog/predictable-results-in-dindigul /blog/predictable-results-in-vellore
Redirect 301 /blog/predictable-results-in-erode /blog/predictable-results-in-vellore
Redirect 301 /blog/predictable-results-in-kanchipuram /blog/predictable-results-in-vellore
Redirect 301 /blog/predictable-results-in-karur /blog/predictable-results-in-vellore
Redirect 301 /blog/predictable-results-in-madurai /blog/predictable-results-in-vellore
Redirect 301 /blog/predictable-results-in-nagapattinam /blog/predictable-results-in-vellore
Redirect 301 /blog/predictable-results-in-namakkal /blog/predictable-results-in-vellore
Redirect 301 /blog/predictable-results-in-pudukkottai /blog/predictable-results-in-vellore
Redirect 301 /blog/predictable-results-in-ramanathapuram /blog/predictable-results-in-vellore
Redirect 301 /blog/predictable-results-in-salem /blog/predictable-results-in-vellore
Redirect 301 /blog/predictable-results-in-thanjavur /blog/predictable-results-in-vellore
Redirect 301 /blog/predictable-results-in-thoothukudi /blog/predictable-results-in-vellore
Redirect 301 /blog/predictable-results-in-tiruchirappalli /blog/predictable-results-in-vellore
Redirect 301 /blog/predictable-results-in-tirunelveli /blog/predictable-results-in-vellore
Redirect 301 /blog/predictable-results-in-tiruppur /blog/predictable-results-in-vellore
Redirect 301 /blog/predictable-results-in-virudhunagar /blog/predictable-results-in-vellore
Redirect 301 /blog/prosthetics-in-chennai /blog/prosthetics-in-vellore
Redirect 301 /blog/prosthetics-in-coimbatore /blog/prosthetics-in-vellore
Redirect 301 /blog/prosthetics-in-cuddalore /blog/prosthetics-in-vellore
Redirect 301 /blog/prosthetics-in-dindigul /blog/prosthetics-in-vellore
Redirect 301 /blog/prosthetics-in-erode /blog/prosthetics-in-vellore
Redirect 301 /blog/prosthetics-in-kanchipuram /blog/prosthetics-in-vellore
Redirect 301 /blog/prosthetics-in-karur /blog/prosthetics-in-vellore
Redirect 301 /blog/prosthetics-in-madurai /blog/prosthetics-in-vellore
Redirect 301 /blog/prosthetics-in-nagapattinam /blog/prosthetics-in-vellore
Redirect 301 /blog/prosthetics-in-namakkal /blog/prosthetics-in-vellore
Redirect 301 /blog/prosthetics-in-pudukkottai /blog/prosthetics-in-vellore
Redirect 301 /blog/prosthetics-in-ramanathapuram /blog/prosthetics-in-vellore
Redirect 301 /blog/prosthetics-in-salem /blog/prosthetics-in-vellore
Redirect 301 /blog/prosthetics-in-thanjavur /blog/prosthetics-in-vellore
Redirect 301 /blog/prosthetics-in-thoothukudi /blog/prosthetics-in-vellore
Redirect 301 /blog/prosthetics-in-tiruchirappalli /blog/prosthetics-in-vellore
Redirect 301 /blog/prosthetics-in-tirunelveli /blog/prosthetics-in-vellore
Redirect 301 /blog/prosthetics-in-tiruppur /blog/prosthetics-in-vellore
Redirect 301 /blog/prosthetics-in-virudhunagar /blog/prosthetics-in-vellore
Redirect 301 /blog/removable-aligners-in-chennai /blog/removable-aligners-in-vellore
Redirect 301 /blog/removable-aligners-in-coimbatore /blog/removable-aligners-in-vellore
Redirect 301 /blog/removable-aligners-in-cuddalore /blog/removable-aligners-in-vellore
Redirect 301 /blog/removable-aligners-in-dindigul /blog/removable-aligners-in-vellore
Redirect 301 /blog/removable-aligners-in-erode /blog/removable-aligners-in-vellore
Redirect 301 /blog/removable-aligners-in-kanchipuram /blog/removable-aligners-in-vellore
Redirect 301 /blog/removable-aligners-in-karur /blog/removable-aligners-in-vellore
Redirect 301 /blog/removable-aligners-in-madurai /blog/removable-aligners-in-vellore
Redirect 301 /blog/removable-aligners-in-nagapattinam /blog/removable-aligners-in-vellore
Redirect 301 /blog/removable-aligners-in-namakkal /blog/removable-aligners-in-vellore
Redirect 301 /blog/removable-aligners-in-pudukkottai /blog/removable-aligners-in-vellore
Redirect 301 /blog/removable-aligners-in-ramanathapuram /blog/removable-aligners-in-vellore
Redirect 301 /blog/removable-aligners-in-salem /blog/removable-aligners-in-vellore
Redirect 301 /blog/removable-aligners-in-thanjavur /blog/removable-aligners-in-vellore
Redirect 301 /blog/removable-aligners-in-thoothukudi /blog/removable-aligners-in-vellore
Redirect 301 /blog/removable-aligners-in-tiruchirappalli /blog/removable-aligners-in-vellore
Redirect 301 /blog/removable-aligners-in-tirunelveli /blog/removable-aligners-in-vellore
Redirect 301 /blog/removable-aligners-in-tiruppur /blog/removable-aligners-in-vellore
Redirect 301 /blog/removable-aligners-in-virudhunagar /blog/removable-aligners-in-vellore
Redirect 301 /blog/retainers-in-chennai /blog/retainers-in-vellore
Redirect 301 /blog/retainers-in-coimbatore /blog/retainers-in-vellore
Redirect 301 /blog/retainers-in-cuddalore /blog/retainers-in-vellore
Redirect 301 /blog/retainers-in-dindigul /blog/retainers-in-vellore
Redirect 301 /blog/retainers-in-erode /blog/retainers-in-vellore
Redirect 301 /blog/retainers-in-kanchipuram /blog/retainers-in-vellore
Redirect 301 /blog/retainers-in-karur /blog/retainers-in-vellore
Redirect 301 /blog/retainers-in-madurai /blog/retainers-in-vellore
Redirect 301 /blog/retainers-in-nagapattinam /blog/retainers-in-vellore
Redirect 301 /blog/retainers-in-namakkal /blog/retainers-in-vellore
Redirect 301 /blog/retainers-in-pudukkottai /blog/retainers-in-vellore
Redirect 301 /blog/retainers-in-ramanathapuram /blog/retainers-in-vellore
Redirect 301 /blog/retainers-in-salem /blog/retainers-in-vellore
Redirect 301 /blog/retainers-in-thanjavur /blog/retainers-in-vellore
Redirect 301 /blog/retainers-in-thoothukudi /blog/retainers-in-vellore
Redirect 301 /blog/retainers-in-tiruchirappalli /blog/retainers-in-vellore
Redirect 301 /blog/retainers-in-tirunelveli /blog/retainers-in-vellore
Redirect 301 /blog/retainers-in-tiruppur /blog/retainers-in-vellore
Redirect 301 /blog/retainers-in-virudhunagar /blog/retainers-in-vellore
Redirect 301 /blog/sinus-lift-in-chennai /blog/sinus-lift-in-vellore
Redirect 301 /blog/sinus-lift-in-coimbatore /blog/sinus-lift-in-vellore
Redirect 301 /blog/sinus-lift-in-cuddalore /blog/sinus-lift-in-vellore
Redirect 301 /blog/sinus-lift-in-dindigul /blog/sinus-lift-in-vellore
Redirect 301 /blog/sinus-lift-in-erode /blog/sinus-lift-in-vellore
Redirect 301 /blog/sinus-lift-in-kanchipuram /blog/sinus-lift-in-vellore
Redirect 301 /blog/sinus-lift-in-karur /blog/sinus-lift-in-vellore
Redirect 301 /blog/sinus-lift-in-madurai /blog/sinus-lift-in-vellore
Redirect 301 /blog/sinus-lift-in-nagapattinam /blog/sinus-lift-in-vellore
Redirect 301 /blog/sinus-lift-in-namakkal /blog/sinus-lift-in-vellore
Redirect 301 /blog/sinus-lift-in-pudukkottai /blog/sinus-lift-in-vellore
Redirect 301 /blog/sinus-lift-in-ramanathapuram /blog/sinus-lift-in-vellore
Redirect 301 /blog/sinus-lift-in-salem /blog/sinus-lift-in-vellore
Redirect 301 /blog/sinus-lift-in-thanjavur /blog/sinus-lift-in-vellore
Redirect 301 /blog/sinus-lift-in-thoothukudi /blog/sinus-lift-in-vellore
Redirect 301 /blog/sinus-lift-in-tiruchirappalli /blog/sinus-lift-in-vellore
Redirect 301 /blog/sinus-lift-in-tirunelveli /blog/sinus-lift-in-vellore
Redirect 301 /blog/sinus-lift-in-tiruppur /blog/sinus-lift-in-vellore
Redirect 301 /blog/sinus-lift-in-virudhunagar /blog/sinus-lift-in-vellore
Redirect 301 /blog/smile-correction-in-arcot /blog/smile-correction-in-vellore
Redirect 301 /blog/smile-correction-in-chennai /blog/smile-correction-in-vellore
Redirect 301 /blog/smile-correction-in-coimbatore /blog/smile-correction-in-vellore
Redirect 301 /blog/smile-correction-in-cuddalore /blog/smile-correction-in-vellore
Redirect 301 /blog/smile-correction-in-dindigul /blog/smile-correction-in-vellore
Redirect 301 /blog/smile-correction-in-erode /blog/smile-correction-in-vellore
Redirect 301 /blog/smile-correction-in-kanchipuram /blog/smile-correction-in-vellore
Redirect 301 /blog/smile-correction-in-karur /blog/smile-correction-in-vellore
Redirect 301 /blog/smile-correction-in-madurai /blog/smile-correction-in-vellore
Redirect 301 /blog/smile-correction-in-nagapattinam /blog/smile-correction-in-vellore
Redirect 301 /blog/smile-correction-in-namakkal /blog/smile-correction-in-vellore
Redirect 301 /blog/smile-correction-in-pudukkottai /blog/smile-correction-in-vellore
Redirect 301 /blog/smile-correction-in-ramanathapuram /blog/smile-correction-in-vellore
Redirect 301 /blog/smile-correction-in-salem /blog/smile-correction-in-vellore
Redirect 301 /blog/smile-correction-in-thanjavur /blog/smile-correction-in-vellore
Redirect 301 /blog/smile-correction-in-thoothukudi /blog/smile-correction-in-vellore
Redirect 301 /blog/smile-correction-in-tiruchirappalli /blog/smile-correction-in-vellore
Redirect 301 /blog/smile-correction-in-tirunelveli /blog/smile-correction-in-vellore
Redirect 301 /blog/smile-correction-in-tiruppur /blog/smile-correction-in-vellore
Redirect 301 /blog/smile-correction-in-virudhunagar /blog/smile-correction-in-vellore
Redirect 301 /blog/smile-makeover-in-chennai /blog/smile-makeover-in-vellore
Redirect 301 /blog/smile-makeover-in-coimbatore /blog/smile-makeover-in-vellore
Redirect 301 /blog/smile-makeover-in-cuddalore /blog/smile-makeover-in-vellore
Redirect 301 /blog/smile-makeover-in-dindigul /blog/smile-makeover-in-vellore
Redirect 301 /blog/smile-makeover-in-erode /blog/smile-makeover-in-vellore
Redirect 301 /blog/smile-makeover-in-kanchipuram /blog/smile-makeover-in-vellore
Redirect 301 /blog/smile-makeover-in-karur /blog/smile-makeover-in-vellore
Redirect 301 /blog/smile-makeover-in-madurai /blog/smile-makeover-in-vellore
Redirect 301 /blog/smile-makeover-in-nagapattinam /blog/smile-makeover-in-vellore
Redirect 301 /blog/smile-makeover-in-namakkal /blog/smile-makeover-in-vellore
Redirect 301 /blog/smile-makeover-in-pudukkottai /blog/smile-makeover-in-vellore
Redirect 301 /blog/smile-makeover-in-ramanathapuram /blog/smile-makeover-in-vellore
Redirect 301 /blog/smile-makeover-in-salem /blog/smile-makeover-in-vellore
Redirect 301 /blog/smile-makeover-in-thanjavur /blog/smile-makeover-in-vellore
Redirect 301 /blog/smile-makeover-in-thoothukudi /blog/smile-makeover-in-vellore
Redirect 301 /blog/smile-makeover-in-tiruchirappalli /blog/smile-makeover-in-vellore
Redirect 301 /blog/smile-makeover-in-tirunelveli /blog/smile-makeover-in-vellore
Redirect 301 /blog/smile-makeover-in-tiruppur /blog/smile-makeover-in-vellore
Redirect 301 /blog/smile-makeover-in-virudhunagar /blog/smile-makeover-in-vellore
Redirect 301 /blog/subperiosteal-implants-in-chennai /blog/subperiosteal-implants-in-vellore
Redirect 301 /blog/subperiosteal-implants-in-coimbatore /blog/subperiosteal-implants-in-vellore
Redirect 301 /blog/subperiosteal-implants-in-cuddalore /blog/subperiosteal-implants-in-vellore
Redirect 301 /blog/subperiosteal-implants-in-dindigul /blog/subperiosteal-implants-in-vellore
Redirect 301 /blog/subperiosteal-implants-in-erode /blog/subperiosteal-implants-in-vellore
Redirect 301 /blog/subperiosteal-implants-in-kanchipuram /blog/subperiosteal-implants-in-vellore
Redirect 301 /blog/subperiosteal-implants-in-karur /blog/subperiosteal-implants-in-vellore
Redirect 301 /blog/subperiosteal-implants-in-madurai /blog/subperiosteal-implants-in-vellore
Redirect 301 /blog/subperiosteal-implants-in-nagapattinam /blog/subperiosteal-implants-in-vellore
Redirect 301 /blog/subperiosteal-implants-in-namakkal /blog/subperiosteal-implants-in-vellore
Redirect 301 /blog/subperiosteal-implants-in-pudukkottai /blog/subperiosteal-implants-in-vellore
Redirect 301 /blog/subperiosteal-implants-in-ramanathapuram /blog/subperiosteal-implants-in-vellore
Redirect 301 /blog/subperiosteal-implants-in-salem /blog/subperiosteal-implants-in-vellore
Redirect 301 /blog/subperiosteal-implants-in-thanjavur /blog/subperiosteal-implants-in-vellore
Redirect 301 /blog/subperiosteal-implants-in-thoothukudi /blog/subperiosteal-implants-in-vellore
Redirect 301 /blog/subperiosteal-implants-in-tiruchirappalli /blog/subperiosteal-implants-in-vellore
Redirect 301 /blog/subperiosteal-implants-in-tirunelveli /blog/subperiosteal-implants-in-vellore
Redirect 301 /blog/subperiosteal-implants-in-tiruppur /blog/subperiosteal-implants-in-vellore
Redirect 301 /blog/subperiosteal-implants-in-virudhunagar /blog/subperiosteal-implants-in-vellore
Redirect 301 /blog/teeth-straightening-in-chennai /blog/teeth-straightening-in-vellore
Redirect 301 /blog/teeth-straightening-in-coimbatore /blog/teeth-straightening-in-vellore
Redirect 301 /blog/teeth-straightening-in-cuddalore /blog/teeth-straightening-in-vellore
Redirect 301 /blog/teeth-straightening-in-dindigul /blog/teeth-straightening-in-vellore
Redirect 301 /blog/teeth-straightening-in-erode /blog/teeth-straightening-in-vellore
Redirect 301 /blog/teeth-straightening-in-kanchipuram /blog/teeth-straightening-in-vellore
Redirect 301 /blog/teeth-straightening-in-karur /blog/teeth-straightening-in-vellore
Redirect 301 /blog/teeth-straightening-in-madurai /blog/teeth-straightening-in-vellore
Redirect 301 /blog/teeth-straightening-in-nagapattinam /blog/teeth-straightening-in-vellore
Redirect 301 /blog/teeth-straightening-in-namakkal /blog/teeth-straightening-in-vellore
Redirect 301 /blog/teeth-straightening-in-pudukkottai /blog/teeth-straightening-in-vellore
Redirect 301 /blog/teeth-straightening-in-ramanathapuram /blog/teeth-straightening-in-vellore
Redirect 301 /blog/teeth-straightening-in-salem /blog/teeth-straightening-in-vellore
Redirect 301 /blog/teeth-straightening-in-thanjavur /blog/teeth-straightening-in-vellore
Redirect 301 /blog/teeth-straightening-in-thoothukudi /blog/teeth-straightening-in-vellore
Redirect 301 /blog/teeth-straightening-in-tiruchirappalli /blog/teeth-straightening-in-vellore
Redirect 301 /blog/teeth-straightening-in-tirunelveli /blog/teeth-straightening-in-vellore
Redirect 301 /blog/teeth-straightening-in-tiruppur /blog/teeth-straightening-in-vellore
Redirect 301 /blog/teeth-straightening-in-virudhunagar /blog/teeth-straightening-in-vellore
Redirect 301 /blog/temporary-implants-in-chennai /blog/temporary-implants-in-vellore
Redirect 301 /blog/temporary-implants-in-coimbatore /blog/temporary-implants-in-vellore
Redirect 301 /blog/temporary-implants-in-cuddalore /blog/temporary-implants-in-vellore
Redirect 301 /blog/temporary-implants-in-dindigul /blog/temporary-implants-in-vellore
Redirect 301 /blog/temporary-implants-in-erode /blog/temporary-implants-in-vellore
Redirect 301 /blog/temporary-implants-in-kanchipuram /blog/temporary-implants-in-vellore
Redirect 301 /blog/temporary-implants-in-karur /blog/temporary-implants-in-vellore
Redirect 301 /blog/temporary-implants-in-madurai /blog/temporary-implants-in-vellore
Redirect 301 /blog/temporary-implants-in-nagapattinam /blog/temporary-implants-in-vellore
Redirect 301 /blog/temporary-implants-in-namakkal /blog/temporary-implants-in-vellore
Redirect 301 /blog/temporary-implants-in-pudukkottai /blog/temporary-implants-in-vellore
Redirect 301 /blog/temporary-implants-in-ramanathapuram /blog/temporary-implants-in-vellore
Redirect 301 /blog/temporary-implants-in-salem /blog/temporary-implants-in-vellore
Redirect 301 /blog/temporary-implants-in-thanjavur /blog/temporary-implants-in-vellore
Redirect 301 /blog/temporary-implants-in-thoothukudi /blog/temporary-implants-in-vellore
Redirect 301 /blog/temporary-implants-in-tiruchirappalli /blog/temporary-implants-in-vellore
Redirect 301 /blog/temporary-implants-in-tirunelveli /blog/temporary-implants-in-vellore
Redirect 301 /blog/temporary-implants-in-tiruppur /blog/temporary-implants-in-vellore
Redirect 301 /blog/temporary-implants-in-virudhunagar /blog/temporary-implants-in-vellore
Redirect 301 /blog/titanium-implants-in-chennai /blog/titanium-implants-in-vellore
Redirect 301 /blog/titanium-implants-in-coimbatore /blog/titanium-implants-in-vellore
Redirect 301 /blog/titanium-implants-in-cuddalore /blog/titanium-implants-in-vellore
Redirect 301 /blog/titanium-implants-in-dindigul /blog/titanium-implants-in-vellore
Redirect 301 /blog/titanium-implants-in-erode /blog/titanium-implants-in-vellore
Redirect 301 /blog/titanium-implants-in-kanchipuram /blog/titanium-implants-in-vellore
Redirect 301 /blog/titanium-implants-in-karur /blog/titanium-implants-in-vellore
Redirect 301 /blog/titanium-implants-in-madurai /blog/titanium-implants-in-vellore
Redirect 301 /blog/titanium-implants-in-nagapattinam /blog/titanium-implants-in-vellore
Redirect 301 /blog/titanium-implants-in-namakkal /blog/titanium-implants-in-vellore
Redirect 301 /blog/titanium-implants-in-pudukkottai /blog/titanium-implants-in-vellore
Redirect 301 /blog/titanium-implants-in-ramanathapuram /blog/titanium-implants-in-vellore
Redirect 301 /blog/titanium-implants-in-salem /blog/titanium-implants-in-vellore
Redirect 301 /blog/titanium-implants-in-thanjavur /blog/titanium-implants-in-vellore
Redirect 301 /blog/titanium-implants-in-thoothukudi /blog/titanium-implants-in-vellore
Redirect 301 /blog/titanium-implants-in-tiruchirappalli /blog/titanium-implants-in-vellore
Redirect 301 /blog/titanium-implants-in-tirunelveli /blog/titanium-implants-in-vellore
Redirect 301 /blog/titanium-implants-in-tiruppur /blog/titanium-implants-in-vellore
Redirect 301 /blog/titanium-implants-in-virudhunagar /blog/titanium-implants-in-vellore
Redirect 301 /blog/tooth-replacement-in-chennai /blog/tooth-replacement-in-vellore
Redirect 301 /blog/tooth-replacement-in-coimbatore /blog/tooth-replacement-in-vellore
Redirect 301 /blog/tooth-replacement-in-cuddalore /blog/tooth-replacement-in-vellore
Redirect 301 /blog/tooth-replacement-in-dindigul /blog/tooth-replacement-in-vellore
Redirect 301 /blog/tooth-replacement-in-erode /blog/tooth-replacement-in-vellore
Redirect 301 /blog/tooth-replacement-in-kanchipuram /blog/tooth-replacement-in-vellore
Redirect 301 /blog/tooth-replacement-in-karur /blog/tooth-replacement-in-vellore
Redirect 301 /blog/tooth-replacement-in-madurai /blog/tooth-replacement-in-vellore
Redirect 301 /blog/tooth-replacement-in-nagapattinam /blog/tooth-replacement-in-vellore
Redirect 301 /blog/tooth-replacement-in-namakkal /blog/tooth-replacement-in-vellore
Redirect 301 /blog/tooth-replacement-in-pudukkottai /blog/tooth-replacement-in-vellore
Redirect 301 /blog/tooth-replacement-in-ramanathapuram /blog/tooth-replacement-in-vellore
Redirect 301 /blog/tooth-replacement-in-salem /blog/tooth-replacement-in-vellore
Redirect 301 /blog/tooth-replacement-in-thanjavur /blog/tooth-replacement-in-vellore
Redirect 301 /blog/tooth-replacement-in-thoothukudi /blog/tooth-replacement-in-vellore
Redirect 301 /blog/tooth-replacement-in-tiruchirappalli /blog/tooth-replacement-in-vellore
Redirect 301 /blog/tooth-replacement-in-tirunelveli /blog/tooth-replacement-in-vellore
Redirect 301 /blog/tooth-replacement-in-tiruppur /blog/tooth-replacement-in-vellore
Redirect 301 /blog/tooth-replacement-in-virudhunagar /blog/tooth-replacement-in-vellore
Redirect 301 /blog/zirkonium-implants-in-chennai /blog/zirkonium-implants-in-vellore
Redirect 301 /blog/zirkonium-implants-in-coimbatore /blog/zirkonium-implants-in-vellore
Redirect 301 /blog/zirkonium-implants-in-cuddalore /blog/zirkonium-implants-in-vellore
Redirect 301 /blog/zirkonium-implants-in-dindigul /blog/zirkonium-implants-in-vellore
Redirect 301 /blog/zirkonium-implants-in-erode /blog/zirkonium-implants-in-vellore
Redirect 301 /blog/zirkonium-implants-in-kanchipuram /blog/zirkonium-implants-in-vellore
Redirect 301 /blog/zirkonium-implants-in-karur /blog/zirkonium-implants-in-vellore
Redirect 301 /blog/zirkonium-implants-in-madurai /blog/zirkonium-implants-in-vellore
Redirect 301 /blog/zirkonium-implants-in-nagapattinam /blog/zirkonium-implants-in-vellore
Redirect 301 /blog/zirkonium-implants-in-namakkal /blog/zirkonium-implants-in-vellore
Redirect 301 /blog/zirkonium-implants-in-pudukkottai /blog/zirkonium-implants-in-vellore
Redirect 301 /blog/zirkonium-implants-in-ramanathapuram /blog/zirkonium-implants-in-vellore
Redirect 301 /blog/zirkonium-implants-in-salem /blog/zirkonium-implants-in-vellore
Redirect 301 /blog/zirkonium-implants-in-thanjavur /blog/zirkonium-implants-in-vellore
Redirect 301 /blog/zirkonium-implants-in-thoothukudi /blog/zirkonium-implants-in-vellore
Redirect 301 /blog/zirkonium-implants-in-tiruchirappalli /blog/zirkonium-implants-in-vellore
Redirect 301 /blog/zirkonium-implants-in-tirunelveli /blog/zirkonium-implants-in-vellore
Redirect 301 /blog/zirkonium-implants-in-tiruppur /blog/zirkonium-implants-in-vellore
Redirect 301 /blog/zirkonium-implants-in-virudhunagar /blog/zirkonium-implants-in-vellore